442038545454,charltonhoward.co.uk
442035877812,revolutiontechnology.co.uk
447908436709,revolutiontechnology.co.uk
442036971208,digitalpursuit.co.uk
447929033725,digitalpursuit.co.uk
447341316467,cpsgroupuk.com
442039627348,cpsgroupuk.com
442920375599,cpsgroupuk.com
442079525758,oliverbernard.co.uk
442079525733,oliverbernard.co.uk
442037622806,oliverbernard.co.uk
447807137346,oliverbernard.co.uk
442038540810,oliverbernard.co.uk
442079525720,oliverbernard.co.uk
447540424957,hydrogengroup.com
442070020354,hydrogengroup.com
447385398674,hydrogengroup.com
